user1,admin,Basic dXNlcjE6YWRtaW4=
user2,admin,Basic dXNlcjI6YWRtaW4=
user3,admin,Basic dXNlcjM6YWRtaW4=
user4,admin,Basic dXNlcjQ6YWRtaW4=
user5,admin,Basic dXNlcjU6YWRtaW4=
user6,admin,Basic dXNlcjY6YWRtaW4=
user7,admin,Basic dXNlcjc6YWRtaW4=
user8,admin,Basic dXNlcjg6YWRtaW4=
user9,admin,Basic dXNlcjk6YWRtaW4=
user10,admin,Basic dXNlcjEwOmFkbWlu
user11,admin,Basic dXNlcjExOmFkbWlu
user12,admin,Basic dXNlcjEyOmFkbWlu
user13,admin,Basic dXNlcjEzOmFkbWlu
user14,admin,Basic dXNlcjE0OmFkbWlu
user15,admin,Basic dXNlcjE1OmFkbWlu
user16,admin,Basic dXNlcjE2OmFkbWlu
user17,admin,Basic dXNlcjE3OmFkbWlu
user18,admin,Basic dXNlcjE4OmFkbWlu
user19,admin,Basic dXNlcjE5OmFkbWlu
user20,admin,Basic dXNlcjIwOmFkbWlu
user21,admin,Basic dXNlcjIxOmFkbWlu
user22,admin,Basic dXNlcjIyOmFkbWlu
user23,admin,Basic dXNlcjIzOmFkbWlu
user24,admin,Basic dXNlcjI0OmFkbWlu
user25,admin,Basic dXNlcjI1OmFkbWlu
user26,admin,Basic dXNlcjI2OmFkbWlu
user27,admin,Basic dXNlcjI3OmFkbWlu
user28,admin,Basic dXNlcjI4OmFkbWlu
user29,admin,Basic dXNlcjI5OmFkbWlu
user30,admin,Basic dXNlcjMwOmFkbWlu
user31,admin,Basic dXNlcjMxOmFkbWlu
user32,admin,Basic dXNlcjMyOmFkbWlu
user33,admin,Basic dXNlcjMzOmFkbWlu
user34,admin,Basic dXNlcjM0OmFkbWlu
user35,admin,Basic dXNlcjM1OmFkbWlu
user36,admin,Basic dXNlcjM2OmFkbWlu
user37,admin,Basic dXNlcjM3OmFkbWlu
user38,admin,Basic dXNlcjM4OmFkbWlu
user39,admin,Basic dXNlcjM5OmFkbWlu
user40,admin,Basic dXNlcjQwOmFkbWlu
user41,admin,Basic dXNlcjQxOmFkbWlu
user42,admin,Basic dXNlcjQyOmFkbWlu
user43,admin,Basic dXNlcjQzOmFkbWlu
user44,admin,Basic dXNlcjQ0OmFkbWlu
user45,admin,Basic dXNlcjQ1OmFkbWlu
user46,admin,Basic dXNlcjQ2OmFkbWlu
user47,admin,Basic dXNlcjQ3OmFkbWlu
user48,admin,Basic dXNlcjQ4OmFkbWlu
user49,admin,Basic dXNlcjQ5OmFkbWlu
user50,admin,Basic dXNlcjUwOmFkbWlu
