user31,admin,Basic dXNlcjMxOmFkbWlu
user32,admin,Basic dXNlcjMyOmFkbWlu
user33,admin,Basic dXNlcjMzOmFkbWlu
user34,admin,Basic dXNlcjM0OmFkbWlu
user35,admin,Basic dXNlcjM1OmFkbWlu
user36,admin,Basic dXNlcjM2OmFkbWlu
user37,admin,Basic dXNlcjM3OmFkbWlu
user38,admin,Basic dXNlcjM4OmFkbWlu
user39,admin,Basic dXNlcjM5OmFkbWlu
user40,admin,Basic dXNlcjQwOmFkbWlu
user41,admin,Basic dXNlcjQxOmFkbWlu
user42,admin,Basic dXNlcjQyOmFkbWlu
user43,admin,Basic dXNlcjQzOmFkbWlu
user44,admin,Basic dXNlcjQ0OmFkbWlu
user45,admin,Basic dXNlcjQ1OmFkbWlu
user46,admin,Basic dXNlcjQ2OmFkbWlu
user47,admin,Basic dXNlcjQ3OmFkbWlu
user48,admin,Basic dXNlcjQ4OmFkbWlu
user49,admin,Basic dXNlcjQ5OmFkbWlu
user50,admin,Basic dXNlcjUwOmFkbWlu
